{
    "Elephant Robotics": {
        "mycobot pro600": {
            "dh_params": {
                "a": [0, 0, 0, 0, 0],
                "d": [0.1, 0.1, 0.1, 0.1, 0.1],
                "alpha": [0, 0, 0, 0, 0],
                "theta": [0, 0, 0, 0, 0]
            },
            "joint_limits": {
                "lower": [-3.14, -1.57, -1.57, -1.57, -1.57],
                "upper": [3.14, 1.57, 1.57, 1.57, 1.57]
            }
        }
    },
    "Universal Robotics": {
        "ur5": {
            "dh_params": {
                "a": [0, -0.425, -0.3922, 0, 0, 0],
                "d": [0.089159, 0, 0, 0.10915, 0.09465, 0.0823],
                "alpha": [1.5708, 0, 0, 1.5708, -1.5708, 0],
                "theta": [0, 0, 0, 0, 0, 0]
            },
            "joint_limits": {
                "lower": [-6.2832, -3.1416, -3.1416, -3.1416, -3.1416, -6.2832],
                "upper": [6.2832, 3.1416, 3.1416, 3.1416, 3.1416, 6.2832]
            }
        },
        "ur5e": {
            "dh_params": {
                "a": [0, -0.425, -0.3922, 0, 0, 0],
                "d": [0.1625, 0, 0, 0.1333, 0.0997, 0.0996],
                "alpha": [1.5708, 0, 0, 1.5708, -1.5708, 0],
                "theta": [0, 0, 0, 0, 0, 0]
            },
            "joint_limits": {
                "lower": [-6.2832, -3.1416, -3.1416, -3.1416, -3.1416, -6.2832],
                "upper": [6.2832, 3.1416, 3.1416, 3.1416, 3.1416, 6.2832]
            }
        }
    },
    "Vention": {
        "plate": {
            "dh_params": {
                "a": [0],
                "d": [0],
                "alpha": [0],
                "theta": [0]
            },
            "joint_limits": {
                "lower": [0],
                "upper": [1.0]
            }
        }
    }
}